<configuration>
    <property name="LOG_PATH" value="/var/log/polycom/deviceapi"/>
    
	<appender name="STDOUT" class="ch.qos.logback.core.ConsoleAppender">
		<encoder>
			<pattern>%d{HH:mm:ss.SSS} [%thread] %-5level %logger{36} - %msg%n
			</pattern>
		</encoder>
	</appender>

	<appender name="FILE" class="ch.qos.logback.core.rolling.RollingFileAppender">
		<file>${LOG_PATH}/events.log</file>
        
        <rollingPolicy class="ch.qos.logback.core.rolling.TimeBasedRollingPolicy">
           <fileNamePattern>${LOG_PATH}/events.%d{yyyy-MM-dd}.log.zip</fileNamePattern>
           <maxHistory>10</maxHistory>
        </rollingPolicy>
        <triggeringPolicy class="ch.qos.logback.core.rolling.SizeBasedTriggeringPolicy">
           <maxFileSize>10MB</maxFileSize>
        </triggeringPolicy>
   
		<encoder>
			<pattern>%date %level [%thread] %logger{10} [%file:%line] %msg%n
			</pattern>
		</encoder>
	</appender>

	<logger name="com.polycom.analytics" level="DEBUG" additivity="false">
		<appender-ref ref="STDOUT" />
		<appender-ref ref="FILE" />
	</logger>
	
	<logger name="org.springframework.boot" level="INFO" additivity="false">
        <appender-ref ref="STDOUT" />
		<appender-ref ref="FILE" />
    </logger>

	<root level="INFO">
		<appender-ref ref="STDOUT" />
		<appender-ref ref="FILE" />
	</root>
</configuration>